url,visual_design,mobile_experience,content_clarity,accessibility,navigation,content_volume,issues_identified,critical_fixes,score_gain
https://example.org,3.5,2.8,4.2,4.0,5.1,7.2,18,4,68
https://google.com,9.5,9.8,9.0,9.9,9.5,8.0,2,0,5
https://bad-website.com,1.2,1.0,2.5,1.5,2.0,3.0,45,15,95
https://medium.com,8.5,8.0,9.2,8.5,8.8,9.5,8,1,15
https://github.com,9.0,8.5,8.8,9.2,9.0,8.5,5,0,10
https://web.org,2.0,2.2,3.2,2.5,1.8,1.0,37,5,64
https://devtrust.net,8.0,9.9,9.8,8.1,9.9,8.5,2,0,5
https://digitalfoundation.ai,3.9,3.0,2.5,2.6,2.8,3.4,37,5,69
https://global.gov,5.2,6.1,3.9,5.0,6.1,5.8,16,3,33
https://citylife.com,9.6,9.5,8.5,9.7,9.2,9.9,2,0,4
https://buildweb.io,9.1,9.1,9.2,9.9,8.4,9.9,3,0,6
https://solutionspublic6.biz,5.9,3.4,5.4,3.9,3.9,5.7,19,9,32
https://careopsstudio.edu,5.7,4.9,5.2,5.6,4.0,6.4,10,1,51
https://create.biz,2.8,3.3,2.0,3.1,2.6,3.8,20,6,56
https://statestudioglobal.edu,7.0,6.1,6.1,5.8,5.1,7.2,15,2,32
https://clouddataart.info,8.8,7.5,8.1,9.0,6.6,7.9,4,1,19
https://smart.org,9.9,9.9,8.3,8.3,9.9,8.5,2,0,8
https://solutions12.net,4.4,4.9,4.4,4.0,5.9,4.9,27,8,34
https://projectcloudfoundation.io,9.8,9.3,9.0,8.6,9.9,9.2,1,0,7
https://globaldigitalfund.info,2.8,2.5,3.8,3.6,4.4,4.7,15,5,44
https://projectsolutionsapp.ai,9.5,8.3,9.5,9.6,9.3,7.2,5,0,8
https://codesolutionshub.biz,2.3,3.5,2.4,3.5,1.5,3.3,23,3,77
https://innovate.biz,4.0,5.1,6.5,3.9,5.4,6.3,25,8,45
https://artsofthub.biz,1.5,2.5,1.0,2.9,2.3,1.9,28,3,49
https://createtech.io,3.5,3.4,4.1,2.0,3.7,2.7,37,5,76
https://trust.gov,8.4,7.7,9.0,8.3,9.0,8.2,8,3,17
https://network.gov,9.9,9.3,9.9,8.0,8.0,9.9,2,0,7
https://designtrusthub.biz,9.9,8.7,8.6,9.8,8.6,8.8,5,0,6
https://studiohub.io,4.2,3.0,3.3,4.4,3.6,3.2,28,10,68
https://futureglobal.biz,6.3,7.3,5.4,7.5,5.7,7.2,9,1,25
https://webbuild.org,2.2,4.2,3.7,4.4,2.9,2.4,32,11,64
https://network.net,2.5,3.2,3.2,4.3,2.3,2.2,31,7,72
https://scienceops.gov,5.0,7.0,6.2,5.4,5.4,5.1,8,3,32
https://connectartproject28.com,8.7,8.0,9.9,9.9,8.6,9.2,3,1,6
https://statebuildfoundation.ai,8.2,8.3,9.9,8.3,9.9,9.9,4,1,9
https://labcaredesign.io,2.8,2.4,5.4,2.5,4.6,3.0,13,3,58
https://city.org,7.7,7.5,8.9,7.7,9.9,9.9,6,2,10
https://websoft32.com,8.5,8.4,8.8,9.5,8.4,9.3,3,0,13
https://cloud.ai,6.8,6.5,5.4,5.8,5.7,5.9,14,3,27
https://group.gov,7.6,5.0,5.1,7.3,6.1,5.7,10,1,23
https://naturedatafoundation.org,5.2,3.5,4.8,4.3,3.3,5.2,18,1,64
https://healthfuture.gov,1.6,1.2,1.2,3.8,1.4,3.3,28,11,73
https://datanext37.edu,5.7,8.2,7.8,5.6,6.2,5.6,7,1,31
https://publicstatecity38.gov,4.6,6.3,5.7,4.9,5.4,4.1,25,4,40
https://smartdatastate.edu,3.8,4.6,2.1,3.6,4.3,4.7,32,3,55
https://medialocalnext.net,9.0,9.0,8.2,7.7,7.4,9.2,3,0,10
https://digitalgroupcare.info,5.0,4.0,4.2,3.6,4.7,6.0,12,1,46
https://fund42.io,7.8,8.4,8.2,8.0,7.8,9.1,8,2,20
https://global.edu,5.9,7.5,6.5,7.3,6.0,6.4,15,4,31
https://web.biz,4.5,4.5,3.5,3.4,2.7,4.2,27,3,54
https://state.ai,5.4,5.8,7.0,7.7,7.5,5.2,11,1,38
https://cityops.biz,3.8,4.1,4.9,4.4,5.0,3.8,28,8,48
https://smart.biz,8.2,7.3,9.3,6.8,8.5,8.8,5,1,17
https://buildscience.biz,6.2,7.9,7.2,8.8,6.5,8.5,9,1,22
https://next.gov,9.4,9.9,9.9,9.9,9.9,9.9,0,0,1
https://cloud.ai,9.7,8.1,8.5,8.4,8.8,9.0,4,0,11
https://mediacitydata.info,1.9,1.0,2.5,3.4,1.9,1.0,40,16,61
https://agency.edu,3.6,5.1,3.9,3.3,4.0,5.1,18,3,41
https://care.org,6.0,6.0,5.3,6.8,7.0,6.0,19,3,39
https://cloudhublife.co,7.0,6.3,8.5,8.0,8.9,7.7,6,1,16
https://mediacloud.edu,2.7,3.3,3.7,4.0,3.6,3.1,38,14,52
https://basesoftsolutions.co,7.5,5.6,5.9,6.2,5.4,5.4,14,5,38
https://globalinnovatelocal57.gov,5.4,5.4,5.2,7.3,6.7,6.4,13,2,41
https://artfundbase.biz,3.8,2.5,3.7,4.6,4.6,3.6,30,4,51
https://hub.io,7.3,5.5,6.6,6.0,5.1,7.4,8,2,22
https://devart.org,8.9,8.4,6.3,7.9,7.5,8.9,7,2,23
https://solutionsdatasystem.ai,8.5,9.5,6.8,9.2,7.3,7.4,6,1,16
https://nextlifeglobal.info,6.5,6.7,7.2,8.2,9.5,7.5,6,1,16
https://tech.info,9.9,9.9,9.9,9.9,9.9,9.9,0,0,1
https://smartnetworkmedia.ai,7.3,7.1,8.0,6.5,7.3,8.3,12,3,22
https://publiclabnetwork.co,8.7,8.2,7.4,6.9,8.9,6.9,11,3,22
https://earth66.info,7.2,6.6,7.5,7.1,6.9,6.5,16,6,30
https://visioncloudglobal.biz,7.9,7.2,9.5,7.0,6.8,8.5,5,0,15
https://basesolutionshealth68.ai,7.2,8.0,6.6,5.8,6.7,5.5,8,3,26
https://science.biz,6.5,8.7,6.4,7.9,7.6,7.9,6,1,19
https://market70.biz,5.8,6.6,6.6,5.6,6.3,6.0,22,3,44
https://project.org,4.9,4.7,4.2,5.3,3.7,3.7,14,6,55
https://local.co,4.7,5.3,3.8,4.5,4.6,5.1,30,9,34
https://marketlifeconnect.io,6.5,7.6,6.1,8.4,8.6,8.5,4,0,21
https://vision.info,7.9,9.9,7.9,8.1,8.3,9.0,7,0,16
https://statecarehub.info,1.5,3.8,3.6,3.6,2.4,3.4,39,12,45
https://connectcloudscience.edu,4.8,3.7,4.0,4.2,2.9,2.0,35,8,64
https://nextcodesystem.com,7.7,8.8,7.5,8.4,7.7,8.0,8,2,13
https://create.ai,7.4,7.0,8.1,8.5,6.8,6.8,8,2,30
https://cityart.io,5.3,4.7,4.3,6.7,5.2,5.3,26,5,46
https://networkcity.co,3.0,3.9,4.1,5.2,4.4,4.8,17,5,46
https://foundationtrustproject.gov,4.6,5.9,3.1,5.8,3.5,3.6,32,7,46
https://networkprojectcloud.io,7.2,5.3,5.1,5.8,6.8,5.3,18,2,47
https://opssolutions.org,8.5,7.1,8.5,8.6,7.5,9.2,10,3,17
https://statepublic.biz,5.0,6.2,4.5,6.2,6.3,6.0,22,9,37
https://design85.com,3.9,3.7,3.2,5.1,4.7,3.7,33,7,56
https://projectcare.org,3.5,3.8,2.8,1.9,2.7,4.2,27,9,48
https://statecarenetwork.biz,5.4,6.3,4.4,6.2,6.6,5.9,19,2,32
https://global.net,9.8,8.9,9.8,9.8,9.9,9.9,1,0,3
https://designvisionlab.co,1.3,3.3,3.8,2.3,3.3,2.6,21,5,48
https://designhealthtech.info,9.3,9.8,8.4,8.3,9.6,9.0,3,0,6
https://tech.com,3.9,4.5,4.7,6.0,4.3,3.8,12,5,45
https://nature.net,7.2,7.3,7.9,8.2,8.2,8.7,8,2,13
https://art.com,9.9,8.3,9.0,9.8,9.3,8.9,1,0,7
https://designstudionext.ai,8.6,6.6,7.9,7.7,8.6,8.7,11,2,12
https://lifelocalcode95.info,3.8,6.5,5.1,6.2,5.3,5.0,13,6,42
https://publicvision.io,1.3,1.2,2.4,1.5,1.1,2.7,27,12,85
https://agencygroup97.org,7.1,8.0,6.8,8.0,8.3,9.0,8,3,21
https://digitaldata.net,5.0,3.1,3.2,3.8,3.7,4.3,18,5,55
https://baseconnect.gov,4.4,2.3,4.1,2.0,2.3,2.9,20,7,77
https://publiccodelab.co,6.9,6.5,6.4,5.9,7.1,5.2,15,5,42
https://devdesignlocal101.io,6.6,8.8,6.6,6.8,6.8,6.7,16,7,33
https://studio102.co,4.1,1.9,1.6,1.9,3.1,1.6,43,14,50
https://networkcare.com,7.2,9.1,9.6,8.4,9.9,7.4,5,1,8
https://lab.com,4.0,2.4,2.2,2.4,3.9,2.2,20,6,61
https://science.gov,7.1,7.2,6.2,6.9,6.1,6.7,14,2,29
https://codecreate.io,7.2,7.6,9.1,7.0,8.4,7.2,9,1,17
https://network.net,8.6,9.9,9.9,9.1,9.9,9.8,1,0,4
https://opsgrouplocal108.co,4.7,3.9,6.0,6.0,6.1,5.0,9,4,55
https://techlocal.net,6.8,7.2,6.5,7.5,7.6,8.9,6,2,19
https://code.io,5.1,5.4,4.8,4.7,6.1,5.4,10,2,44
https://projectconnect111.io,5.8,5.7,5.0,3.8,5.7,5.2,11,2,55
https://groupsolutionslife.gov,8.8,9.9,9.9,8.6,9.9,9.4,1,0,5
https://buildbaseproject.com,4.2,6.2,4.7,5.5,6.2,4.1,11,4,51
https://future.com,9.9,9.9,9.9,8.7,9.2,9.7,1,0,3
https://healthstudio.io,8.8,8.5,8.0,8.6,9.7,8.8,4,1,10
https://careops.com,9.9,9.9,8.0,8.6,8.1,8.8,6,1,10
https://techapp117.net,4.0,3.8,3.0,4.3,4.6,2.3,35,11,58
https://trustearthlab.co,7.1,8.4,9.6,8.9,9.4,8.3,3,0,10
https://lifecreateweb.edu,8.6,9.9,8.9,9.7,9.9,9.3,2,0,6
https://ops120.ai,9.4,8.0,6.5,8.2,8.9,7.1,5,1,23
https://solutionsdatasoft.net,9.9,8.2,8.6,9.9,9.0,9.9,2,0,8
https://visionearth.io,1.6,1.3,3.4,4.1,3.3,1.5,35,7,51
https://webnaturecloud123.io,3.1,3.0,3.8,4.6,2.9,3.9,36,12,52
https://innovatelabtech.gov,4.5,6.1,4.6,4.5,6.8,6.4,12,3,40
https://foundationnext125.edu,9.8,8.3,9.9,9.2,9.9,9.7,2,0,3
https://globallife.ai,6.8,4.3,4.5,4.4,3.9,6.8,26,5,57
https://mediapublic.io,6.3,4.8,6.3,5.9,4.4,5.3,10,2,28
https://media.gov,6.6,6.8,7.4,5.8,6.0,6.7,15,6,35
https://cloudnext.info,7.9,8.2,7.4,8.0,8.6,8.3,9,3,14
https://soft.co,5.2,3.1,4.1,3.3,3.1,3.4,23,7,64
https://labsystem.biz,4.8,5.2,6.5,4.7,5.4,4.5,27,8,56
https://devsoft132.com,2.0,4.1,2.8,3.1,2.0,1.5,36,14,78
https://code.info,8.0,9.2,7.4,7.5,8.0,7.2,5,2,21
https://art.info,8.9,8.3,9.9,9.9,9.9,9.9,3,0,5
https://agencysolutions.edu,1.8,4.5,2.7,2.4,4.6,3.3,29,5,71
https://nextfundnetwork.biz,7.0,8.1,8.3,6.3,6.1,7.1,12,5,20
https://cloudearth.biz,3.9,2.3,4.0,4.1,4.6,2.1,17,2,62
https://science.biz,2.7,2.4,2.0,3.0,4.0,2.3,22,4,46
https://digitalconnectfuture.com,4.7,6.3,4.1,5.9,4.2,4.8,29,10,45
https://global140.edu,6.4,7.5,6.6,9.0,7.4,6.8,8,3,21
https://city.edu,5.5,5.0,3.8,6.6,4.8,3.8,15,4,37
https://foundationglobalglobal.info,4.8,5.3,6.2,4.7,6.5,6.3,24,7,48
https://baseproject.ai,1.7,2.6,1.4,2.3,3.3,2.1,36,4,62
https://fund.biz,5.8,8.2,7.8,6.3,7.2,6.2,18,4,20
https://localdigital.org,9.9,8.7,9.8,8.7,9.5,8.7,4,1,8
https://studio.org,4.3,1.7,4.2,3.4,2.5,3.1,21,5,69
https://appscience.biz,8.8,7.7,7.6,9.9,8.9,9.7,6,0,12
https://lab.edu,3.6,4.4,2.7,2.4,4.5,3.7,35,4,56
https://connectfutureearth.org,9.6,9.9,9.9,9.5,9.9,9.9,0,0,2
https://base.io,4.0,5.0,4.7,3.8,5.5,3.9,27,11,42
https://market.biz,5.5,7.0,5.0,4.6,6.2,6.3,24,6,39
https://designdigitalcare.com,9.9,9.9,9.9,9.9,9.9,9.2,0,0,1
https://studioweb.org,8.1,8.1,8.8,8.4,9.5,9.9,2,0,13
https://nextartglobal.org,9.9,7.9,8.0,9.9,8.8,9.9,3,1,11
https://cityhealthsmart.org,3.5,3.5,4.5,3.1,3.9,2.2,35,9,56
https://studio.info,5.5,5.1,5.4,5.3,5.7,6.0,10,3,42
https://systemapp.com,9.7,9.6,7.1,6.8,7.6,8.9,4,0,11
https://digitalearth.io,7.2,8.6,8.2,8.8,9.8,8.4,3,1,17
https://design.ai,4.8,5.1,5.1,4.0,5.8,3.3,22,8,51
https://lifecitysystem.edu,8.3,9.7,7.4,9.9,8.5,9.0,6,1,14
https://visionconnectglobal161.info,4.2,6.5,5.4,5.1,6.4,5.5,17,3,32
https://agencysystem.com,8.4,8.0,9.9,7.3,7.9,7.9,3,1,13
https://connectartnature163.co,5.4,5.5,4.3,3.2,5.6,4.4,28,6,54
https://mediacloudglobal.net,3.1,1.9,2.7,2.6,3.1,2.1,23,4,73
https://soft.com,5.5,2.7,3.5,5.0,4.4,3.9,26,6,41
https://health.net,8.2,6.5,7.3,9.0,7.2,6.8,11,3,25
https://stateearth.io,6.8,7.9,7.4,5.9,6.3,6.6,18,2,35
https://healthcare.edu,8.2,9.1,8.0,6.8,8.2,8.0,11,3,23
https://state.org,9.9,9.9,9.9,9.9,8.6,7.8,3,0,6
https://marketagencydev.org,2.2,4.5,2.2,3.4,4.3,3.4,34,15,63
https://statebuild.org,9.6,8.7,9.0,7.5,8.7,9.3,3,0,12
https://agency.edu,6.2,8.6,7.6,7.4,6.3,7.6,16,4,16
https://funddevcloud.com,8.2,6.5,7.2,6.4,6.3,6.9,13,1,19
https://networkapplife.info,6.8,8.3,7.8,8.4,8.7,8.1,5,1,21
https://global.io,7.0,5.6,5.4,5.2,5.5,6.3,10,1,34
https://statemedialab.biz,5.9,7.7,6.3,5.4,6.4,6.5,13,5,26
https://media.ai,1.3,2.7,3.7,3.6,4.3,2.0,33,11,53
https://techappweb.com,9.9,8.8,9.9,8.2,7.9,9.9,3,0,6
https://build.info,7.7,7.9,9.6,9.9,9.7,9.9,4,1,9
https://market.org,4.1,2.0,2.6,1.5,4.1,2.9,19,2,46
https://appart181.edu,6.7,5.7,8.3,5.8,5.8,5.8,16,3,27
https://network.io,9.3,8.4,9.7,9.4,8.6,9.4,4,1,6
https://city.io,5.2,5.1,5.4,5.2,3.0,3.2,20,8,42
https://agencysystemtech.io,9.2,7.2,8.2,7.5,7.1,7.9,11,4,20
https://connectbasesystem.gov,6.5,4.6,6.0,6.3,6.5,6.8,13,3,39
https://foundationmarketlocal.com,5.5,6.8,6.0,6.0,4.5,5.2,15,2,26
https://codelife.gov,8.5,7.8,8.8,6.4,6.2,7.8,5,0,22
https://solutionsnexttech.gov,2.6,2.2,4.0,3.9,4.0,4.4,16,6,76
https://designcloudfuture189.net,2.8,3.1,3.5,2.0,1.9,1.4,29,6,86
https://nextmarket190.io,3.9,6.0,6.8,6.3,4.2,4.4,26,3,35
https://market191.com,6.4,3.9,6.2,5.5,6.1,6.3,16,4,28
https://createcity.io,2.7,2.4,1.6,3.3,1.7,1.0,26,3,75
https://systemhealthweb.edu,8.1,7.4,9.5,9.3,6.8,7.9,7,1,20
https://designcareearth.biz,5.7,4.7,5.8,5.2,5.1,5.9,16,7,48
https://statedevpublic.edu,3.7,2.4,2.8,2.9,2.2,2.4,42,20,46
https://hubglobalnature.co,5.0,4.6,4.7,6.2,4.8,4.9,27,11,40
https://networkearthcity.net,7.2,6.7,8.4,6.5,8.5,7.4,12,3,25
https://hubcode.com,9.9,9.9,9.1,9.1,8.8,8.3,2,0,9
https://connectdata.edu,3.6,3.5,2.7,3.6,2.5,4.6,27,5,63
https://healthtrustgroup.gov,5.4,5.9,7.0,6.0,5.5,5.6,15,4,26
https://system.edu,9.9,9.9,9.9,9.9,8.1,9.1,1,0,6
https://connectpublicsmart.biz,6.0,5.9,6.7,4.5,6.3,6.1,17,3,31
https://systemlife.org,3.7,5.0,5.6,4.3,4.8,2.9,31,4,34
https://future.gov,2.8,3.3,2.8,1.2,2.5,2.9,30,3,50
https://base205.com,6.6,5.4,5.6,6.3,5.1,6.4,9,2,25
https://cityearthdesign.net,3.4,4.3,4.3,5.0,3.3,2.3,21,6,46
https://city.info,6.3,6.7,7.5,4.8,4.9,4.8,11,5,44
https://art.org,2.1,1.9,2.3,2.9,3.9,4.2,17,3,44
https://groupmarketagency.biz,2.8,3.7,1.5,4.2,3.9,4.0,25,6,76
https://natureglobal.net,2.1,1.9,1.9,3.9,4.1,1.8,19,4,59
https://labfoundation.com,3.0,4.4,5.5,3.7,3.6,5.7,28,6,48
https://network.edu,2.1,1.8,3.7,2.8,1.1,3.4,39,17,46
https://connectart.gov,6.5,6.7,7.2,7.6,5.6,6.3,10,4,38
https://funddev.io,8.9,9.9,8.4,9.9,9.9,9.9,1,0,5
https://globalsolutions.biz,7.9,9.3,7.7,7.4,9.0,8.9,6,2,13
https://buildbasedata.biz,3.1,3.0,3.9,3.9,4.3,5.1,32,15,61
https://group.ai,1.7,1.9,2.6,3.3,4.1,3.8,28,10,72
https://group.org,3.2,2.1,2.0,3.0,2.6,1.3,44,17,68
https://dev219.biz,5.1,5.1,4.2,5.0,3.0,5.6,23,5,50
https://sciencelocalconnect.com,8.2,8.3,7.5,8.9,8.1,7.1,6,1,23
https://healthdata221.info,9.3,8.3,9.0,8.1,8.4,9.4,6,2,14
https://globalfutureart.gov,5.8,5.6,6.8,5.6,4.8,6.9,18,2,41
https://global.edu,3.7,4.7,5.4,5.8,3.8,4.4,16,3,42
https://techglobal224.ai,7.0,7.7,8.2,9.3,9.3,9.0,3,0,10
https://earthdigitaldata.org,2.6,4.0,3.0,4.3,2.5,3.7,36,6,65
https://designnetworkfoundation.ai,9.9,9.9,9.9,8.8,9.9,9.9,1,0,2
https://healthcare.ai,2.2,2.0,2.0,3.0,2.8,2.9,41,9,84
https://globalconnect.net,2.2,2.2,4.6,2.7,2.6,2.3,17,8,52
https://softsystemagency.gov,4.4,4.2,3.3,4.2,3.6,3.7,31,7,69
https://connectdesign.com,9.9,9.6,9.6,9.6,7.4,8.0,4,1,9
https://smartglobal231.com,3.4,3.3,5.2,4.9,3.4,5.0,19,7,49
https://studiohub.ai,1.8,3.5,4.5,2.0,3.3,3.9,16,7,61
https://base.edu,4.2,4.7,5.4,6.1,5.9,5.4,28,12,33
https://globalmarketproject.info,7.6,8.9,8.4,6.4,8.8,7.5,8,3,22
https://devcode235.biz,8.4,7.2,8.5,7.6,6.4,7.3,6,2,17
https://designagencycare.biz,3.7,2.3,4.3,4.2,2.1,4.3,16,5,69
https://studioglobalpublic.net,7.9,6.5,6.9,6.3,5.5,7.4,13,3,34
https://networkgroup238.net,3.8,3.8,4.2,2.2,3.3,2.8,39,16,77
https://softpublicfoundation.co,6.1,3.9,5.9,3.8,6.5,6.4,14,2,37
https://earthconnect.co,7.6,7.7,9.9,8.6,7.8,9.3,5,1,18
https://projectfutureglobal241.biz,7.6,9.4,9.2,8.1,8.3,7.2,4,1,20
https://trust.co,4.2,5.2,4.5,5.1,3.7,3.3,16,7,64
https://app.gov,6.9,8.1,6.5,8.3,7.3,8.2,8,1,29
https://solutionsfuture.org,6.0,8.8,7.0,6.3,7.8,7.7,15,1,25
https://artgloballife.co,3.0,3.7,2.7,4.5,4.6,3.6,18,5,62
https://studio.info,4.2,6.4,6.2,4.2,5.8,5.6,11,4,44
https://trust247.co,5.1,5.0,3.2,5.3,4.0,3.8,13,5,43
https://localglobal.net,8.1,8.4,7.9,8.3,8.8,8.4,7,2,10
https://nature.io,9.4,9.5,9.1,7.7,8.3,9.9,2,0,9
https://trustmedia.gov,7.7,6.5,7.4,5.8,7.0,5.7,10,3,38
https://dataconnecthealth251.com,5.3,3.8,3.2,4.7,4.5,3.5,30,12,54
https://smart.com,6.0,8.0,8.4,7.1,8.2,6.4,8,2,19
https://hub.net,8.6,8.1,7.0,6.4,5.9,6.6,8,1,31
https://healthcreatebase254.info,7.0,7.7,7.0,6.5,5.8,6.7,11,2,19
https://smart.net,4.1,2.5,4.5,3.5,3.2,2.8,30,3,68
https://buildnetworkfoundation.ai,9.9,9.9,9.9,8.8,9.9,8.9,2,0,5
https://future.io,8.0,7.6,6.9,6.5,8.4,8.8,10,2,21
https://fundsolutions.io,3.7,2.8,2.2,1.0,1.1,1.9,23,7,48
https://hubnextcity259.com,1.4,1.6,3.7,1.6,2.3,2.9,35,9,83
https://buildhub.gov,5.9,4.1,6.7,5.5,5.7,6.7,24,5,43
https://designcodescience261.com,2.3,2.6,3.1,2.8,2.4,3.7,25,6,76
https://trust262.gov,8.0,7.7,9.2,7.9,7.5,7.6,7,2,24
https://careops.edu,5.3,4.5,6.9,6.9,5.5,5.7,12,1,43
https://cloud.net,9.4,8.1,9.7,9.9,9.9,9.3,2,0,7
https://labvision.net,2.2,2.5,3.3,2.8,3.1,3.0,15,5,60
https://projectconnect.ai,7.4,8.9,8.0,8.9,6.1,7.4,5,0,15
https://health.info,3.0,4.6,3.1,2.1,3.5,4.6,31,5,42
https://digitalcity.com,2.2,2.8,4.5,3.2,4.4,1.9,37,7,60
https://agencycity.io,8.9,8.6,9.7,7.9,8.4,7.6,5,2,16
https://lifedevconnect.gov,3.9,3.9,4.5,4.8,4.5,6.3,27,6,59
https://networkfundscience.edu,4.3,4.2,4.6,4.6,4.8,6.9,10,1,56
https://artdata272.co,4.0,5.3,5.0,3.4,5.6,2.8,28,3,55
https://publicfoundation273.com,4.7,5.5,4.5,3.6,5.2,4.4,27,4,45
https://nature.org,9.5,8.6,9.6,9.9,9.9,9.9,2,0,3
https://design.com,7.6,9.1,8.3,9.2,8.6,9.9,6,1,10
https://appnaturecreate.biz,7.5,5.0,6.0,5.1,5.7,7.0,20,4,36
https://opslabtech277.edu,5.4,4.5,6.3,6.7,6.8,6.5,10,2,28
https://state.org,7.1,7.0,7.6,5.2,7.7,5.2,12,2,32
https://localglobal.co,3.0,3.9,1.4,2.9,3.2,1.2,34,14,61
https://codedesign280.io,2.8,1.1,2.8,1.8,1.1,2.0,33,5,77
https://systemsoft.info,7.3,6.1,8.0,8.2,6.9,5.9,14,6,35
https://cloud.co,9.9,8.8,9.9,9.6,9.2,9.3,3,0,6
https://hubglobalfund283.io,5.9,5.7,3.6,5.8,5.9,6.3,20,5,44
https://careinnovateearth.info,3.3,4.5,2.8,4.1,3.8,4.6,35,3,52
https://agencygroup.co,7.8,8.0,7.3,6.2,5.4,7.6,8,1,30
https://agencynetworkconnect.co,9.8,9.9,9.9,8.7,9.9,9.7,0,0,2
https://statecodesolutions287.org,5.1,6.3,4.1,5.3,5.0,5.3,12,4,29
https://systemstudioscience288.io,9.9,8.9,9.3,9.9,9.9,9.6,1,0,2
https://statetrust.ai,6.1,7.4,4.5,6.9,5.7,5.5,22,8,39
https://solutions.ai,1.2,3.5,1.1,2.5,1.0,2.9,23,3,84
https://system.gov,5.7,6.7,4.7,5.3,7.2,5.5,13,3,45
https://devvisioncity.ai,8.4,9.6,8.4,9.9,9.9,9.3,3,0,7
https://smart.ai,6.5,8.8,8.9,8.9,8.5,8.8,4,0,12
https://technaturepublic.ai,7.8,7.6,9.2,8.4,9.3,9.4,3,1,16
https://city.org,5.2,6.0,3.5,3.4,3.4,4.4,23,6,49
https://globaldev.edu,6.7,7.4,7.2,6.6,6.1,7.6,14,4,29
https://app.co,5.1,5.6,5.8,3.4,3.4,3.9,18,8,38
https://globalpublicfoundation298.org,9.9,9.9,8.9,8.5,8.9,8.2,4,1,6
https://lifemarketweb.org,6.5,4.6,5.2,5.3,6.8,6.8,16,1,40
https://global.gov,7.4,5.6,6.2,7.5,5.4,4.6,9,3,28
https://groupdevtech.co,5.6,5.9,7.2,5.9,5.2,7.0,16,3,27
https://projectinnovate.gov,8.0,6.1,8.6,6.5,7.0,8.1,14,4,19
https://datafoundationweb.co,9.9,9.0,9.9,9.4,9.5,9.9,1,0,2
https://lab304.org,9.9,8.4,9.9,9.1,9.8,8.6,3,1,8
https://citybuild305.co,5.5,8.1,5.9,6.3,5.5,7.3,17,4,21
https://public.gov,8.3,9.9,9.9,9.9,9.9,9.9,1,0,4
https://naturestate.biz,8.7,9.6,8.5,9.1,9.0,9.0,4,1,6
https://systemlifedata.biz,2.7,2.1,2.2,3.3,2.8,2.8,18,5,59
https://agencydata309.co,3.5,4.4,5.2,5.7,4.3,5.5,22,4,53
https://art.com,4.6,6.2,5.9,5.5,6.2,4.7,20,7,42
https://sciencecodeweb.net,8.4,9.0,6.6,8.3,7.3,7.4,9,2,14
https://project.co,5.1,5.9,4.9,5.0,5.1,7.5,16,6,40
https://nextfuturenetwork.edu,2.2,1.4,3.3,2.0,3.5,3.7,21,3,53
https://mediawebhub.io,3.0,1.7,2.2,2.2,1.5,1.0,42,15,70
https://foundationtrustcode315.edu,7.7,7.7,7.7,6.3,7.3,8.4,12,1,15
https://systemdesignpublic.ai,3.0,4.9,3.9,4.0,2.7,3.2,28,10,70
https://projectweb.org,4.8,3.2,4.5,3.2,5.6,5.2,19,8,53
https://group.gov,1.0,2.8,3.2,1.7,3.3,1.0,33,13,83
https://globaltrustweb.net,3.7,3.4,1.5,1.3,2.1,3.4,22,4,85
https://connect.org,3.5,1.0,1.5,1.6,3.7,3.1,38,7,47
https://earth.com,7.4,7.1,6.7,7.7,6.6,7.2,13,4,22
https://cloud.ai,3.7,2.5,1.7,1.3,3.3,3.2,23,11,76
https://networkbaseinnovate.ai,9.4,8.1,8.4,7.6,8.1,7.8,7,2,19
https://future.biz,5.3,2.9,4.6,4.8,3.6,4.1,17,4,45
https://soft.info,1.6,3.4,1.9,2.7,2.4,2.8,33,5,54
https://marketpublic.io,2.3,4.2,2.6,2.5,1.8,3.1,36,13,50
https://digital.com,6.8,6.1,6.2,8.8,6.6,7.1,17,7,23
https://base.info,8.5,8.7,9.9,9.2,9.9,8.8,2,0,6
https://dev.co,4.9,4.9,6.3,3.7,6.6,5.0,28,6,45
https://globalwebstudio.net,8.5,9.9,9.9,9.9,9.0,8.1,2,0,7
https://globaltrustsmart.net,6.3,7.2,4.8,6.2,6.6,5.3,19,8,43
https://connectglobal.gov,9.2,9.3,7.4,9.4,7.4,9.9,7,3,7
https://future.com,8.7,7.7,8.9,7.7,7.0,7.7,5,0,15
https://market.io,3.9,2.2,3.2,1.8,2.8,3.3,25,5,47
https://networksoft335.org,5.3,7.0,7.4,7.7,5.8,6.9,17,3,38
https://createlab.net,2.3,2.7,3.1,4.8,3.5,3.6,28,9,63
https://projectcreate.io,4.4,6.5,3.8,4.6,5.5,4.1,20,3,60
https://studiogroup338.edu,8.0,9.6,8.5,8.2,7.7,8.3,8,1,18
https://design.info,8.3,8.5,6.7,8.0,6.9,6.0,11,1,19
https://groupsoft.info,9.2,7.6,9.9,7.8,9.7,9.9,5,1,10
https://smarthub.edu,5.3,4.8,2.7,3.5,4.3,3.6,34,15,39
https://lab.edu,3.0,2.6,3.7,2.3,2.7,3.7,28,5,53
https://webtrust.org,5.0,3.3,5.1,3.8,4.0,4.0,29,13,54
https://data344.net,7.3,8.8,9.0,7.7,8.3,7.6,8,1,11
https://agencydev.co,6.8,8.2,6.3,6.3,8.0,9.0,11,3,26
https://science.gov,7.0,8.3,7.0,7.9,6.7,9.4,9,2,26
https://nextlocal347.ai,9.3,9.9,7.7,8.8,9.5,8.5,3,1,9
https://data.edu,6.6,6.8,8.7,8.6,8.8,7.1,8,0,24
https://appearth.biz,5.6,4.4,3.9,6.0,5.0,6.0,19,5,44
https://visionglobal.biz,9.6,9.7,9.2,8.6,9.5,9.6,3,0,5
https://public.info,8.2,9.9,9.9,9.9,9.2,8.5,2,0,6
https://artsolutionsstudio.net,8.9,7.4,7.5,7.0,7.3,8.8,7,3,13
https://groupstateconnect.com,3.7,3.2,2.7,1.8,1.9,1.5,36,5,47
https://hubtrust.biz,8.1,7.8,9.9,9.9,8.3,8.2,4,1,11
https://care.gov,6.6,7.6,7.8,6.7,8.3,8.8,13,3,25
https://earthsystem.org,8.9,9.5,8.0,8.6,8.5,8.0,4,1,16
https://projectcloud.io,6.1,7.0,5.8,8.0,7.6,8.1,11,4,18
https://statelabfund.com,2.2,3.3,3.5,2.5,1.9,4.3,29,3,54
https://globalfuture359.gov,5.0,5.2,4.0,3.0,3.0,3.1,36,3,55
https://soft.edu,5.1,4.3,2.8,4.6,4.0,5.4,13,5,63
https://local.edu,3.0,2.4,2.1,1.3,1.8,2.7,17,7,77
https://hub.org,4.1,3.6,2.2,2.8,4.2,4.0,32,13,45
https://build.org,8.2,8.4,8.9,7.0,7.7,7.3,8,0,21
https://localdesign.org,5.9,6.6,6.1,5.7,6.3,6.2,16,7,27
https://ops.ai,9.2,7.3,7.5,7.7,7.5,7.8,5,1,24
https://app.ai,9.4,9.4,9.9,8.6,8.4,9.9,3,0,7
https://app.ai,5.9,5.7,6.1,3.7,5.4,6.1,22,4,43
https://global.net,8.7,9.1,8.3,9.2,9.1,8.7,3,0,11
https://visionapplife.com,9.7,7.6,9.9,7.7,9.9,9.5,4,1,7
https://futurestudiohub.biz,8.8,8.8,8.1,9.9,8.9,8.4,5,1,14
https://globalbasesystem.biz,3.9,6.7,6.4,5.2,5.8,5.4,14,6,44
https://webhealthinnovate.biz,6.3,6.2,7.2,6.5,6.3,6.2,8,1,25
https://globalartlocal.net,5.5,8.0,7.0,5.6,8.1,8.4,14,4,31
https://global.edu,5.0,4.8,4.4,4.1,6.1,5.6,17,5,38
https://basevisionfund.edu,4.6,5.5,6.1,5.1,4.0,5.6,16,2,43
https://healthglobal.com,3.9,4.3,5.8,4.9,5.7,4.5,13,5,54
https://design.info,3.1,3.8,4.2,4.0,3.3,5.3,31,4,50
https://data.co,5.3,6.3,6.3,5.1,6.2,4.6,11,4,38
https://projectstatedev.edu,3.1,3.1,4.9,3.4,3.3,4.1,13,5,57
https://code.co,3.7,4.9,3.6,3.7,5.4,2.9,17,5,62
https://network.co,7.1,6.4,8.4,8.2,6.1,7.6,12,5,23
https://earthcity382.com,3.2,5.1,4.4,4.7,5.6,3.4,19,5,52
https://opsgroup383.biz,2.8,2.7,3.7,2.0,3.3,3.1,28,4,68
https://devlife384.co,4.9,4.4,6.1,3.3,5.3,3.8,11,3,48
https://projectdev.com,6.6,8.3,6.7,7.5,6.9,5.7,16,4,25
https://artsciencecare386.org,3.1,3.8,2.5,3.0,2.1,2.9,24,8,46
https://globalmediafuture387.edu,5.8,4.4,3.5,4.9,3.8,3.9,20,5,62
https://soft.info,7.4,6.7,6.4,7.3,7.6,6.3,14,2,30
https://appstudio.co,6.7,5.6,6.2,6.2,8.4,8.4,7,3,26
https://codepublic.edu,3.9,3.9,2.1,2.4,2.3,3.5,41,16,81
https://codeops391.info,3.1,3.5,2.1,2.5,1.6,2.1,16,6,53
https://science392.edu,9.9,9.4,9.1,8.7,9.9,9.9,2,0,5
https://technetworkinnovate.net,5.5,5.7,5.4,5.4,4.8,4.7,16,6,49
https://healthstudio394.org,2.8,2.3,2.7,4.0,3.2,4.0,33,14,81
https://science.com,7.2,9.9,8.6,9.1,9.6,7.7,4,1,12
https://techstudio396.net,3.9,4.6,4.0,3.5,5.1,2.9,33,5,57
https://life.gov,8.6,8.3,9.4,7.8,8.9,8.3,3,1,10
https://care.edu,2.8,3.5,3.8,4.7,3.5,2.2,33,10,76
https://solutionsfundscience399.io,7.7,8.7,6.6,8.8,8.7,6.7,9,3,17
https://devinnovate.com,3.8,4.1,3.3,4.9,5.5,4.9,32,6,42
https://project.co,8.9,8.8,8.8,9.1,7.2,8.5,3,0,11
https://lab.gov,6.2,4.1,3.7,6.6,5.5,5.9,25,7,45
https://life403.biz,3.6,5.6,4.2,2.9,5.2,4.4,12,5,50
https://smart.io,9.9,8.5,9.9,9.8,9.9,9.9,1,0,2
https://createops.co,9.9,9.5,9.9,8.6,8.5,9.9,2,0,6
https://lifelocal.com,5.2,4.6,6.1,4.5,6.7,7.5,24,3,46
https://app407.edu,1.8,3.1,2.3,2.6,4.1,3.3,16,1,67
https://networknature.org,9.0,8.9,8.4,7.3,7.0,9.1,4,0,12
https://networkbuild.org,3.4,2.5,4.0,3.4,2.5,4.8,29,5,59
https://trustdev410.ai,6.2,6.9,6.2,6.9,5.8,6.7,8,1,24
https://softconnect.edu,9.9,9.7,9.4,9.9,9.7,9.4,1,0,2
https://studio412.ai,5.2,4.2,4.1,3.9,4.2,3.9,19,2,52
https://stateagencyglobal.ai,7.7,6.6,6.1,7.2,8.2,6.6,10,2,30
https://care414.ai,7.1,4.6,6.1,5.0,7.1,6.0,23,5,30
https://statehub415.biz,6.1,3.6,4.2,4.2,6.3,4.0,22,10,53
https://innovateglobal.org,6.9,5.4,5.8,6.7,7.1,6.9,11,4,21
https://cloudstudio.edu,4.9,3.4,3.3,3.5,5.0,4.8,23,3,54
https://agency.info,6.4,6.4,6.6,6.6,6.0,4.6,10,3,25
https://earth419.biz,8.2,8.2,9.8,9.8,7.1,7.1,3,0,15
https://innovate.edu,8.1,5.8,8.2,6.5,7.9,7.1,12,4,25
https://globalcreatebase.com,9.4,9.6,9.9,9.7,8.7,9.4,3,1,6
https://healthnature.io,8.8,7.9,7.7,7.8,7.8,8.0,6,0,20
https://public423.edu,5.0,2.9,4.5,5.8,3.5,3.8,25,6,63
https://carewebmedia.com,7.6,6.9,6.7,5.6,6.4,6.4,19,5,27
https://code.co,5.8,7.6,6.2,7.1,5.4,6.0,12,5,28
https://devmarket.info,3.3,2.4,4.3,3.6,4.6,2.4,22,4,70
https://innovatevision.io,2.9,1.6,4.1,2.6,1.9,2.9,38,16,57
https://public.info,5.5,7.4,5.6,7.5,7.7,5.7,8,3,20
https://innovateearthnext.gov,3.8,3.0,1.6,4.0,1.8,3.9,18,7,47
https://fund430.org,8.2,9.9,9.9,9.9,9.9,9.9,1,0,3
https://hub.biz,4.7,3.5,4.9,2.9,4.1,2.8,12,2,57
https://innovate.com,2.5,4.3,3.5,3.6,4.9,4.5,36,13,48
https://webfuturecity.org,8.8,8.3,9.9,8.9,9.8,9.2,1,0,9
https://connectscience434.io,4.6,3.8,3.5,3.9,4.2,5.7,23,11,36
https://foundationstateart435.edu,6.0,5.1,5.1,6.1,6.1,7.0,19,8,38
https://trusthealth.biz,6.7,4.5,6.4,6.2,5.5,4.9,21,8,29
https://labcreate.co,2.1,3.1,3.3,1.2,3.8,1.9,39,9,62
https://stateartdev.edu,8.1,5.9,8.0,6.2,8.1,6.3,10,1,27
https://sciencepublic.edu,1.8,1.0,1.4,2.2,2.2,2.6,24,11,88
https://earthapptrust.io,8.9,9.6,9.4,8.0,7.5,9.3,7,2,11
https://hubfoundationbuild.info,4.6,3.5,5.5,5.6,3.3,5.9,11,4,32
https://trustcare.gov,2.2,3.3,3.4,2.5,3.9,2.5,30,14,56
https://global.ai,3.4,3.7,4.8,3.0,4.1,3.4,29,4,69
https://basenetworkgroup.biz,7.1,8.4,9.1,9.1,8.6,6.8,6,1,15
https://visioncityfoundation.io,8.6,8.8,7.4,7.8,7.4,9.7,9,4,15
https://fundmarkethealth.org,9.9,9.5,8.9,8.3,8.3,9.3,4,1,9
https://natureapp.net,1.0,3.0,1.1,3.7,2.6,2.3,41,12,75
https://life.gov,9.9,9.9,8.5,8.1,9.6,9.9,2,0,5
https://cloudbuild.biz,7.6,5.0,5.1,5.3,6.1,5.0,24,8,42
https://fund.org,8.0,5.8,6.9,7.9,5.9,7.5,17,6,26
https://earth.co,3.5,3.1,2.4,2.7,3.2,3.5,36,7,54
https://buildfoundation.gov,7.5,8.5,7.3,7.9,8.3,6.6,7,1,27
https://group.gov,3.2,4.6,4.8,3.5,2.8,5.1,22,6,39
https://localcodehealth.gov,3.2,4.3,3.2,5.9,4.5,5.6,31,7,54
https://foundationlocal455.io,5.3,7.2,6.4,6.5,4.9,4.9,8,2,27
https://foundation456.biz,7.6,4.8,6.1,4.9,5.6,7.6,14,4,25
https://health.co,6.3,4.8,4.8,5.0,6.5,6.2,25,9,38
https://foundationlab458.ai,3.3,2.8,1.9,2.0,3.1,2.7,39,15,56
https://basecaresoft.co,9.9,9.9,9.9,9.9,8.4,9.1,1,0,5
https://trustcodedigital.info,5.1,4.7,5.5,3.9,3.0,4.3,25,5,50
https://designagency.gov,3.8,5.6,4.2,5.7,4.5,4.4,15,3,55
https://datastudioart462.gov,4.9,4.4,5.0,3.3,2.5,2.2,33,15,49
https://nexthubconnect.edu,3.4,5.3,5.7,4.5,4.7,3.9,26,8,33
https://studiocloud.edu,6.8,5.1,6.8,7.0,7.4,5.4,21,5,34
https://systemcare.net,4.6,6.6,5.3,6.4,5.9,4.3,15,2,35
https://carelab.gov,9.9,9.9,8.8,9.0,9.9,9.9,1,0,4
https://opsstate.io,5.7,4.7,5.1,6.5,3.9,4.0,18,3,37
https://project468.co,2.2,2.4,3.3,3.3,2.6,4.7,14,4,57
https://naturebaseearth469.info,3.4,2.3,4.5,4.4,3.5,2.6,19,5,41
https://groupfuturenetwork.gov,9.7,8.7,9.8,6.9,8.8,9.7,4,1,8
https://studiofuture.com,8.9,9.7,8.5,8.2,9.3,8.9,2,0,6
https://webcity.com,3.9,3.1,5.5,4.9,5.0,3.3,15,6,40
https://group.ai,9.9,9.9,9.9,9.0,8.4,9.9,2,0,3
https://lab474.io,4.8,5.8,4.4,3.4,3.7,4.3,19,2,50
https://future.gov,4.3,3.9,2.7,4.7,2.2,3.3,35,14,77
https://techbasecode.biz,7.3,8.2,6.6,7.8,7.2,7.4,6,2,21
https://future.ai,6.1,5.0,7.3,4.6,4.6,6.5,17,2,43
https://markettrust.edu,6.1,5.6,5.5,4.7,5.9,4.1,12,1,31
https://web.io,9.2,9.9,9.3,9.9,8.2,9.9,2,0,6
https://digitalsoft.io,5.3,8.1,6.1,8.1,7.7,6.3,13,2,22
https://solutions.io,5.8,7.6,7.0,6.2,7.2,4.9,19,8,33
https://visiontech.org,3.7,4.8,5.0,4.0,4.2,4.8,26,7,36
https://nextagencycare.co,6.0,6.8,5.9,7.7,8.4,7.3,17,5,24
https://globalbase.co,9.5,7.1,9.4,9.7,8.9,8.5,3,0,12
https://science.io,4.2,3.2,4.7,4.8,5.4,5.0,26,4,56
https://network.ai,4.4,5.9,4.5,4.0,3.6,4.7,29,5,38
https://base.org,4.3,2.0,4.4,3.8,4.4,2.2,27,4,73
https://carelab.gov,8.5,9.9,9.9,9.5,8.0,8.2,3,0,8
https://future.io,2.9,3.6,2.0,2.4,3.9,1.9,17,6,74
https://design490.info,4.9,7.1,6.5,4.9,4.7,4.8,20,4,41
https://ops491.com,5.1,4.2,4.3,5.1,4.3,2.9,17,6,63
https://system.biz,1.6,3.6,3.2,3.0,1.5,1.6,19,3,58
https://hubconnect493.co,6.3,6.4,7.7,5.6,5.2,7.7,20,5,31
https://createconnectweb.ai,6.5,6.4,6.2,7.4,6.7,8.7,13,1,21
https://data.info,8.3,8.4,7.8,8.1,7.5,7.5,4,1,16
https://groupcodecare.ai,2.3,2.3,3.6,1.0,2.2,1.0,39,14,75
https://devtrustproject.com,1.2,3.6,2.2,3.8,2.6,3.8,38,13,65
https://statelocal.biz,6.3,8.1,6.5,8.1,9.1,8.3,12,5,17
https://datapublicglobal.edu,1.9,2.5,2.6,3.5,4.2,3.6,28,9,73
https://trust.biz,5.2,4.1,4.8,6.0,4.8,4.2,28,13,47
https://science.io,2.5,1.9,4.0,2.0,3.6,2.3,18,4,48
https://base.co,9.2,9.6,8.6,8.7,9.9,9.9,2,0,6
https://lab.gov,9.9,8.6,9.2,9.1,9.2,8.4,4,1,7
https://systemlocalweb.io,4.6,4.9,4.0,5.4,3.3,5.0,20,5,58
https://future.gov,3.8,2.9,4.8,2.8,3.3,5.3,26,8,69
https://marketnetworkdesign.ai,9.9,9.9,9.9,9.2,9.9,9.6,0,0,3
https://foundationbuild.biz,4.5,4.7,3.8,4.3,5.1,5.5,22,7,38
https://agency.org,3.6,3.3,4.3,4.6,3.3,5.6,19,5,68
https://lifeapp509.io,7.2,7.8,9.9,8.5,7.9,9.3,3,1,9
https://app.com,6.2,5.0,3.4,4.0,4.4,4.2,12,3,42
https://arthealth.edu,1.0,1.2,2.2,2.1,2.6,1.4,46,12,81
https://app.edu,5.9,5.6,7.6,8.0,7.8,6.0,7,1,26
https://techstate.net,3.7,4.0,2.4,3.2,4.2,2.6,13,4,57
https://createappstate514.org,2.7,5.0,5.2,4.8,2.7,3.4,30,9,68
https://vision.biz,4.9,7.2,5.5,4.4,5.6,4.5,27,7,47
https://trustpubliccare.com,1.9,3.6,3.5,2.5,3.0,1.2,35,8,80
https://hub.net,3.4,4.2,2.7,4.0,2.7,3.4,15,4,66
https://futurebuild.org,7.1,8.1,8.3,8.3,8.1,8.3,4,1,17
https://cloud519.com,5.0,5.1,6.4,7.3,6.0,4.7,11,2,47
https://devlocal520.co,7.2,7.5,8.0,8.3,7.4,8.8,11,2,23
https://careweb.info,8.5,8.4,6.2,7.5,8.0,6.7,10,2,22
https://connectlab.biz,2.5,3.9,3.5,2.5,4.0,3.8,20,4,66
https://health.org,5.3,7.0,7.0,4.3,6.6,6.3,12,2,28
https://smart524.net,4.6,4.9,5.2,6.3,6.0,5.4,15,5,53
https://trusthubdev525.ai,6.8,5.7,7.4,7.8,6.9,5.0,12,5,26
https://data.biz,6.0,5.9,3.9,6.1,4.9,5.3,12,5,39
https://media.net,5.3,4.3,5.2,3.7,4.4,5.1,11,2,56
https://art.info,4.2,3.6,4.6,4.4,2.9,3.2,32,8,71
https://digitalcodesolutions.edu,9.9,9.9,9.3,9.4,9.9,9.9,1,0,2
https://life.net,7.1,5.3,6.0,5.3,4.8,6.6,12,3,34
https://publicvision531.io,5.9,6.7,5.3,5.1,6.6,5.4,22,4,40
https://futurecreate.net,5.4,3.2,4.5,3.5,2.8,5.8,29,13,58
https://smart.biz,2.9,5.2,2.9,3.1,4.9,5.3,20,5,68
https://lifedesignart.org,2.8,1.7,2.2,1.4,3.2,1.9,38,7,58
https://agency.info,3.4,3.5,3.4,3.4,2.2,2.0,28,11,53
https://connect536.co,1.4,1.2,3.3,1.7,1.6,1.5,23,3,64
https://earth.org,2.0,4.3,1.9,4.4,2.9,3.9,18,6,48
https://create.biz,5.0,5.0,4.4,6.2,4.3,4.5,24,7,47
https://projectart.co,1.7,2.9,2.2,1.6,1.8,1.3,37,10,56
https://scienceglobal.edu,4.3,4.1,2.6,2.5,4.2,4.0,24,7,66
https://naturedigital.co,5.3,5.1,4.1,3.6,5.3,5.0,18,3,40
https://markethealth.co,6.6,7.7,6.7,7.8,9.5,9.5,11,4,20
https://city.gov,7.2,8.0,7.0,8.1,7.1,7.5,14,2,27
https://market.biz,3.4,5.4,5.4,5.5,6.0,3.5,29,9,53
https://smart.ai,3.0,2.5,3.7,2.9,4.0,1.8,14,6,60
https://innovate.edu,5.4,4.5,5.7,6.6,6.3,6.2,24,10,44
https://citydesignops.com,4.8,4.7,4.7,5.0,4.4,7.2,26,10,39
https://futurefoundation.io,2.3,3.8,3.5,2.7,3.8,2.7,39,14,70
https://foundationglobalsoft549.co,1.7,3.5,3.0,3.8,2.8,3.9,32,10,53
https://healthglobal.gov,9.2,7.0,8.2,7.6,7.1,9.3,4,0,15
https://group.co,6.9,7.7,8.0,7.3,8.1,7.8,9,3,15
https://globalprojectearth.ai,4.1,2.2,3.5,4.2,3.8,4.0,17,5,43
https://smartagencyfuture.com,9.4,7.9,9.1,8.8,7.9,9.9,6,1,9
https://createsystemapp.ai,5.7,4.4,5.3,2.8,3.6,5.5,18,5,44
https://digital555.info,5.0,2.8,3.3,4.0,4.8,4.0,15,5,68
https://systemart556.gov,7.4,6.0,6.5,5.0,5.5,4.9,22,6,38
https://fundinnovate557.co,4.1,1.5,2.1,3.5,1.8,3.8,16,6,54
https://foundation.io,7.6,7.3,8.3,7.9,9.3,7.4,6,2,23
https://appagencybuild.org,7.5,5.9,6.4,7.5,7.4,6.9,12,1,22
https://naturefuturetrust.org,3.7,2.7,3.4,3.9,4.0,3.4,38,18,47
https://publictrust561.edu,3.3,4.5,5.6,5.6,3.3,5.4,11,2,35
https://webgloballocal.ai,6.7,8.0,6.3,8.5,7.2,8.3,12,4,19
https://state.io,8.8,7.8,8.9,8.2,7.9,9.5,7,1,13
https://softinnovate564.co,3.4,2.3,3.1,3.0,1.6,2.5,18,7,48
https://techagencytrust.com,7.2,6.6,5.0,4.8,4.9,7.2,8,3,32
https://appglobal.gov,3.6,2.4,2.2,2.2,2.2,4.4,26,9,81
https://system.co,4.8,7.0,5.8,5.2,4.4,5.4,24,7,33
https://codefundtrust.co,8.0,8.0,8.5,9.9,8.9,8.4,4,1,11
https://mediastudio.ai,8.6,5.9,6.8,6.0,7.1,8.5,8,1,33
https://healthearth.gov,2.9,4.1,3.4,4.7,2.8,2.5,26,5,48
https://smart.com,9.9,8.0,8.4,8.2,9.9,8.2,7,2,13
https://cityglobal.com,9.2,8.4,9.6,9.7,9.7,9.7,2,0,7
https://code.info,7.5,9.7,8.5,8.9,7.6,9.7,7,2,8
https://design.io,6.2,4.6,6.3,3.8,5.0,6.0,27,9,29
https://tech.org,5.4,5.1,5.1,7.5,6.1,6.7,18,4,44
https://care576.ai,4.0,5.3,4.1,4.1,4.4,5.4,32,5,53
https://nextlifesoft.org,5.4,4.9,5.8,5.4,6.0,6.4,8,3,41
https://lab.org,8.1,9.9,9.9,8.3,9.9,9.2,3,0,5
https://smartvision.ai,9.0,9.9,9.9,8.8,9.9,9.9,1,0,5
https://local.com,8.2,7.6,7.6,8.2,9.3,8.3,6,2,12
https://artstateglobal.gov,9.0,8.3,8.1,8.2,8.2,9.9,5,0,15
https://buildpublic.biz,7.9,6.1,5.5,6.6,5.6,5.5,20,5,25
https://carevisionsoft.edu,6.5,5.6,4.7,4.6,4.7,4.7,20,8,41
https://marketscience584.biz,9.1,9.5,9.7,9.9,9.8,9.9,1,0,2
https://naturedigitalweb.io,8.7,9.1,9.9,9.9,9.2,8.7,2,0,6
https://globalvision.edu,2.7,4.4,3.7,2.2,3.2,2.4,26,8,72
https://earthnature587.info,5.9,4.3,6.1,4.1,4.4,5.7,28,5,48
https://digital.ai,9.9,9.9,9.0,9.9,9.7,9.2,2,0,2
https://solutions.co,4.4,4.8,4.6,5.3,2.7,2.7,28,7,55
https://cityconnect.io,6.4,5.5,7.5,6.8,6.7,6.2,19,4,35
https://groupnext.ai,5.4,6.3,7.7,7.2,7.3,6.8,9,3,28
https://lifesolutionsapp.info,7.1,6.4,8.4,7.3,5.6,6.5,7,2,36
https://health.ai,4.3,4.5,5.2,4.2,3.8,3.5,31,4,44
https://naturestate594.net,9.3,8.6,9.5,7.9,9.9,8.9,2,0,11
https://digitalgloballocal.info,8.2,9.9,8.5,9.9,9.4,9.1,3,0,5
https://studiodata.biz,5.8,4.7,5.3,3.0,4.3,3.1,24,5,48
https://foundationfund.co,5.6,4.2,4.8,6.4,4.9,6.4,9,1,37
https://web.edu,3.2,4.6,4.2,5.6,4.9,3.4,12,3,51
https://cloudstate.edu,6.8,7.7,7.4,6.8,7.0,5.8,10,1,24
https://citynaturenetwork.ai,5.4,7.6,6.4,7.8,5.7,5.3,19,9,24
https://nextfund.net,4.8,5.2,4.8,4.2,4.8,3.2,23,8,64
https://naturecare.com,9.9,9.9,9.3,9.9,9.9,9.5,1,0,2
https://smartsciencetech.edu,4.4,6.4,6.7,5.9,4.3,4.8,15,4,43
https://studiosmart604.net,2.6,1.7,2.4,4.0,3.5,2.9,41,7,84
https://digitalconnect605.gov,8.7,8.7,7.3,7.6,8.0,7.4,6,1,20
https://statebasesmart.ai,9.9,9.9,9.9,9.5,9.5,9.9,1,0,2
https://market.biz,3.7,4.4,5.8,5.7,4.4,4.5,30,3,54
https://app.info,9.6,9.1,9.7,9.3,9.6,6.9,4,1,9
https://earth.io,7.7,7.2,7.4,7.7,6.8,6.8,13,2,30
https://agencyglobal.info,2.8,3.5,2.7,3.6,3.2,1.2,37,16,62
https://carestate.com,3.4,1.9,2.1,4.3,3.9,4.1,13,6,65
https://ops612.io,5.8,4.0,6.8,6.1,6.0,6.9,22,2,32
https://healthsolutionssystem.info,9.0,9.4,9.0,8.3,9.9,8.6,4,0,7
https://createtrustsoft.io,6.7,6.1,4.1,5.7,5.2,6.0,25,3,31
https://cityweb.info,9.6,9.3,9.1,8.7,9.9,9.9,2,0,4
https://projecttrustfuture.com,7.0,4.5,5.1,6.9,4.3,4.6,21,9,28
https://opscaremarket617.net,7.9,9.3,8.4,8.3,9.9,7.3,8,3,13
https://foundation.com,7.6,8.5,8.0,7.1,7.2,8.4,11,2,16
https://web.io,3.7,2.2,1.5,3.3,2.8,1.8,29,3,59
https://globallab.com,4.4,2.0,3.5,2.2,2.8,2.1,37,8,59
https://caresciencesmart.biz,5.4,5.1,4.8,6.8,6.0,4.7,24,10,31
https://fundlifeops622.ai,7.5,6.2,8.0,5.7,5.8,7.8,12,1,25
https://webagency.edu,8.6,8.0,7.5,9.3,9.0,8.4,6,1,17
https://fundopstech.net,8.3,7.8,7.4,7.8,7.4,6.7,9,1,19
https://carecreate.co,2.2,4.0,4.7,4.0,2.6,2.1,23,9,71
https://dataglobalfoundation.co,7.8,8.5,7.9,6.4,6.3,7.4,9,4,27
https://visiondigitalglobal.edu,2.0,2.8,4.5,1.8,4.0,4.6,31,14,56
https://systemdata628.info,6.7,4.1,4.8,5.1,4.1,4.5,26,5,35
https://projectnature.gov,9.9,9.9,9.9,8.2,9.3,8.5,3,1,6
https://fundgroup.biz,5.7,3.1,4.7,5.6,3.6,5.6,21,2,32
https://healthagency.io,4.7,4.1,6.8,4.1,5.9,4.5,23,4,45
https://baseinnovate.com,4.2,6.8,7.0,4.8,6.3,6.9,8,3,40
https://build.co,1.9,1.6,3.6,2.6,1.9,3.9,43,14,86
https://solutionsnext634.ai,6.9,7.2,6.4,4.7,5.6,6.2,16,1,25
https://nature.com,3.0,3.2,2.6,3.5,3.3,2.1,27,12,66
https://foundationglobal.biz,6.2,8.2,5.9,6.2,7.9,7.8,10,2,35
https://createsmartinnovate.org,6.7,7.0,9.4,7.5,6.9,8.2,10,1,14
https://innovatefundlab.ai,7.5,9.2,8.5,7.6,8.9,8.1,9,3,13
https://lifebasehealth639.ai,7.3,6.8,6.3,6.7,7.9,5.8,16,4,29
https://devmarketstudio.biz,5.6,6.1,6.0,5.1,6.2,6.9,21,6,31
https://buildcode.io,4.1,3.7,3.2,5.2,3.4,4.4,23,6,70
https://projectappsolutions.com,8.4,9.1,6.3,8.4,7.0,8.7,4,1,12
https://codestudioops.biz,5.9,4.3,5.6,4.5,3.6,5.3,26,4,40
https://trustsystemconnect.io,6.8,7.1,6.2,6.9,5.3,7.4,19,3,21
https://visioninnovateearth.edu,6.7,4.7,7.5,6.6,5.0,7.1,12,3,34
https://networkcreate.biz,2.1,2.3,1.5,3.6,3.6,1.7,30,14,89
https://project.edu,7.5,8.6,7.9,9.9,8.8,7.4,7,1,10
https://build648.info,2.9,4.2,2.9,5.0,3.7,2.3,16,6,46
https://local.info,3.1,1.5,1.0,2.5,1.0,1.0,21,7,72
https://public.io,8.3,8.1,9.6,9.0,9.9,9.8,4,1,5
https://market.co,6.3,8.0,7.1,7.5,8.5,8.1,6,2,27
https://artsmart.io,3.4,2.2,4.4,2.2,1.8,4.3,30,7,45
https://networkwebsoft.edu,5.2,4.5,3.9,3.7,5.4,4.2,32,9,52
https://local.edu,7.7,9.9,9.9,9.8,7.6,9.0,5,1,9
https://groupfoundation.info,8.8,9.2,8.2,8.0,8.7,8.7,3,0,9
https://statepublic.edu,9.7,9.7,6.9,6.8,8.4,9.5,4,1,13
https://solutionssystemdev.biz,1.5,1.2,3.3,2.5,1.1,1.0,17,5,78
https://smart.com,7.2,4.7,5.0,6.5,5.2,5.7,13,5,35
https://studioconnect.info,9.0,6.6,7.9,7.9,6.4,7.8,6,2,23
https://foundation.info,9.9,9.9,9.9,9.9,9.9,9.0,0,0,2
https://create.ai,3.9,6.0,6.3,4.8,5.3,4.8,13,1,43
https://sciencedigitaltrust.gov,6.7,5.7,5.7,5.3,4.0,5.1,19,3,30
https://design.biz,2.2,4.0,3.3,1.2,3.5,1.3,25,8,88
https://health664.edu,8.1,7.0,9.0,6.7,7.0,8.4,7,2,23
https://globalmedia.ai,8.2,8.3,8.1,8.4,7.8,8.9,3,1,14
https://agencyconnect.net,1.9,2.6,3.6,4.0,2.1,1.4,24,5,80
https://health667.biz,2.4,1.6,2.6,3.6,4.1,2.4,23,10,75
https://digitaltrustnature668.io,2.4,4.4,4.1,2.7,4.3,2.2,33,5,68
https://build.io,9.1,7.6,8.6,9.2,8.9,9.1,3,1,7
https://apphealth.ai,7.8,7.2,9.1,9.0,6.6,7.3,5,1,22
https://state671.co,7.5,7.5,7.5,9.7,9.9,7.5,10,3,11
https://code.net,6.7,6.5,7.4,5.3,7.3,6.4,10,4,36
https://foundationhealth.net,5.5,5.3,5.1,4.9,5.4,6.3,20,8,42
https://digitalfuture.biz,9.9,9.8,8.2,9.0,9.9,9.9,2,0,3
https://lab.info,5.5,5.1,6.5,6.8,4.6,6.3,24,10,45
https://build.info,5.0,3.9,6.7,6.7,5.9,4.9,17,6,46
https://innovatedesign.edu,8.8,9.9,7.7,9.6,9.9,9.0,4,0,6
https://cityprojectsmart.ai,9.2,7.9,8.1,9.9,7.9,9.9,4,1,7
https://citystate.info,4.4,7.0,4.4,7.2,5.9,6.3,21,9,49
https://local680.org,6.5,4.0,5.2,5.9,5.1,4.3,19,7,45
https://trusthealthbase.gov,2.3,1.3,2.6,3.5,3.7,3.7,33,13,71
https://projectpublic682.info,4.9,4.4,2.9,4.7,3.3,3.2,14,5,37
https://care.co,9.8,8.7,9.4,8.8,9.9,9.5,2,0,6
https://marketproject.info,6.8,8.6,9.3,6.8,8.0,8.2,8,2,22
https://global.edu,1.8,2.6,2.9,2.7,2.8,3.7,25,4,79
https://visiontech.co,8.0,8.2,9.9,9.4,9.9,8.8,2,0,9
https://nextfuturedigital.net,7.9,9.0,9.9,9.9,9.6,9.9,3,0,5
https://datalab688.biz,4.3,2.9,2.4,3.8,3.9,2.5,34,9,65
https://carehealthglobal689.io,9.9,9.9,9.6,8.4,9.9,9.9,1,0,2
https://createbase.gov,2.9,4.5,4.1,4.3,5.0,2.9,20,3,38
https://careart.com,8.1,8.5,8.6,6.3,8.7,6.2,6,2,15
https://digitalpublicscience.org,6.2,5.9,6.0,4.5,5.6,3.7,15,5,55
https://hubnature.gov,4.2,3.0,3.2,3.3,2.4,2.5,40,17,44
https://devvision.edu,7.4,6.9,8.6,7.1,9.0,6.9,9,2,14
https://health.net,7.4,7.0,8.3,6.9,8.1,6.8,9,2,20
https://visioncreatecare.com,9.9,7.6,7.4,8.5,9.2,7.4,7,2,10
https://globaltech697.org,8.4,9.0,8.4,8.3,6.7,9.3,7,1,16
https://buildstudio698.net,9.3,8.2,8.0,8.3,8.5,9.5,5,1,12
https://healthnature699.edu,9.5,9.8,8.9,8.2,9.9,8.6,2,0,5
https://scienceproject.org,5.7,7.3,8.3,7.9,6.1,7.0,13,5,30
https://agency.co,4.6,6.5,5.3,5.9,5.5,4.6,9,2,29
https://cloudlifelocal.info,7.2,7.8,7.9,7.1,8.3,8.2,12,1,14
https://earth703.biz,4.3,6.1,4.4,5.1,4.9,6.5,12,3,39
https://create.net,4.3,5.2,3.5,4.9,5.7,4.5,27,11,52
https://healthsciencebuild.net,6.1,4.5,4.5,4.1,3.4,4.0,15,2,59
https://hubvision.org,9.6,8.6,8.4,7.8,8.9,8.0,7,2,9
https://codenetworkapp.io,4.8,3.2,3.3,4.8,3.6,3.6,29,6,52
https://agencyapp.info,4.3,4.3,5.2,2.4,2.9,3.0,32,6,40
https://appglobalagency.org,4.2,2.1,4.9,4.0,2.5,5.0,34,5,74
https://smartfoundation.ai,5.0,6.3,6.0,4.2,4.9,5.3,16,1,52
https://network.co,5.1,5.5,6.0,4.2,4.2,5.8,11,1,38
https://digital.net,3.2,3.9,4.8,5.0,4.3,4.3,19,5,44
https://public.gov,8.1,5.8,7.2,7.3,6.2,8.4,13,5,25
https://techagency714.org,3.8,1.5,1.5,3.6,3.2,2.0,31,9,85
https://dev.edu,6.1,4.8,6.9,4.9,5.9,5.2,21,6,31
https://stateartscience.biz,8.2,8.0,8.1,7.2,8.2,8.2,9,2,21
https://createops.info,7.0,8.6,7.1,7.5,8.0,9.7,4,1,19
https://art.co,3.9,4.1,3.7,3.0,4.3,3.1,33,11,64
https://naturecloud719.io,7.4,6.4,8.1,6.2,6.6,6.1,18,8,28
https://mediascienceweb.co,8.5,8.7,7.2,8.5,8.4,9.0,4,1,14
https://carenetwork721.co,5.2,6.1,5.2,5.5,7.6,7.3,12,5,28
https://citylocallab.co,4.8,5.0,5.7,5.9,6.5,5.2,18,5,47
https://studiosolutionsagency.org,5.3,5.1,5.5,2.6,3.2,5.4,30,7,51
https://nextnetwork724.io,6.4,6.5,8.0,8.3,8.1,6.7,8,3,18
https://web725.org,9.9,7.8,9.9,9.7,9.5,8.6,1,0,6
https://base.info,9.6,8.4,8.1,8.9,9.1,9.6,3,0,7
https://digitalwebgroup.net,5.5,2.7,4.5,4.2,4.6,2.7,30,12,52
https://baselife.org,8.1,6.9,7.4,8.0,8.6,6.4,13,1,22
https://marketinnovatedata.co,6.6,7.8,7.6,7.1,8.3,7.8,8,3,17
https://softtechlab.biz,1.2,2.4,1.9,3.1,2.0,1.5,26,3,52
https://state.gov,2.4,2.4,4.4,2.6,2.8,4.1,19,3,82
https://code.info,6.5,7.4,7.5,6.7,6.9,8.8,13,5,19
https://futureagencygroup.biz,8.9,9.9,9.4,8.3,9.9,9.3,3,0,6
https://localfoundation734.info,8.4,6.6,7.2,7.8,7.1,8.1,9,1,19
https://softstatesmart.com,7.6,6.7,6.1,7.7,8.1,6.1,8,1,32
https://citynetwork736.ai,6.1,6.8,6.1,5.4,6.4,5.1,15,3,33
https://system.com,3.1,3.2,2.3,2.6,1.1,2.5,36,14,87
https://groupvision.io,2.7,3.6,3.6,5.5,2.7,4.3,36,4,72
https://hublab.biz,3.9,6.3,6.5,4.4,3.9,6.7,10,4,47
https://agencyappconnect.ai,2.1,3.2,3.1,4.3,3.1,1.8,40,9,70
https://fund741.gov,5.7,7.7,5.5,6.4,5.3,5.6,11,2,27
https://hubdigital.gov,3.3,2.5,3.7,3.2,4.8,2.8,26,7,68
https://caredesigndata.com,2.3,2.2,1.6,3.2,3.1,3.8,38,11,79
https://cloud.info,3.3,4.2,3.2,5.2,3.0,2.7,16,4,63
https://marketsoft745.com,8.4,8.7,8.7,6.3,7.1,6.5,11,4,20
https://projectlocaldigital.co,8.5,6.7,7.5,6.4,6.8,6.5,7,0,19
https://systeminnovate.ai,7.1,6.2,7.2,6.7,6.9,4.9,19,8,36
https://mediatrustinnovate748.com,1.4,2.1,2.0,1.9,1.2,2.0,16,3,83
https://soft.edu,6.3,5.3,6.0,6.7,4.7,6.5,20,4,33
https://agencyconnectpublic.info,4.0,3.2,4.9,5.8,5.4,4.3,26,8,40
https://lab.net,3.1,4.5,2.8,4.2,2.6,3.4,31,11,53
https://cloudhubdesign.ai,8.7,9.1,7.8,7.0,8.2,7.6,3,1,22
https://trustopssolutions753.net,7.5,7.0,9.8,8.1,8.7,9.4,9,1,10
https://connectprojectmedia754.io,3.4,3.8,5.2,3.8,3.5,4.8,34,12,39
https://earthcreate.info,6.4,7.4,7.5,6.2,8.1,5.8,13,4,22
https://healthsystem.io,2.4,1.2,1.2,3.2,1.8,1.1,17,7,86
https://stateconnectglobal.org,9.1,8.9,9.9,8.2,9.3,9.1,1,0,10
https://cloudhubops758.info,4.7,6.3,4.8,5.3,5.9,5.3,12,3,40
https://devmarketnature.com,1.8,3.0,1.5,2.5,1.6,3.8,18,7,83
https://web760.gov,3.2,3.5,4.8,3.5,4.0,4.6,28,7,71
https://carepublic.net,9.9,9.6,9.9,8.1,8.2,9.4,3,1,7
https://marketcode.io,2.6,1.5,1.5,3.6,3.0,1.8,19,8,80
https://artgroup.net,6.4,8.1,6.9,7.5,6.9,6.4,10,1,18
https://trustfundfuture.com,5.3,6.2,7.1,5.6,6.7,4.5,11,4,36
https://buildbase765.edu,3.9,5.7,4.9,3.9,4.8,5.1,30,12,50
https://web.info,9.2,9.1,8.8,9.5,8.7,9.9,4,1,8
https://citystudio767.info,3.5,3.7,3.1,3.8,3.4,4.4,36,17,65
https://cityhubmedia.info,7.4,8.8,8.4,8.0,8.0,7.7,6,1,17
https://city.ai,2.4,3.4,1.3,3.1,2.5,1.4,18,4,55
https://opstech770.biz,8.6,9.9,9.2,9.5,9.9,9.9,1,0,5
https://innovate.edu,2.8,2.5,3.3,1.0,3.3,3.1,36,6,70
https://studiocloudcare.co,3.1,4.9,2.7,4.9,5.3,5.1,15,7,45
https://labgroup.net,5.4,5.5,6.4,5.2,5.9,5.5,21,7,40
https://statebuildhub.biz,6.6,5.0,5.6,5.9,6.5,4.4,14,4,46
https://care.org,8.3,8.0,7.2,7.0,9.6,8.3,8,3,19
https://techsmartsolutions.biz,9.4,8.1,9.3,8.3,8.0,9.3,5,2,14
https://sciencecity.net,8.1,8.6,9.2,9.1,6.5,6.5,7,2,17
https://local.org,4.1,3.7,2.4,4.1,4.3,3.1,17,8,49
https://carenetwork.com,5.3,3.3,3.5,3.4,4.9,3.4,30,13,43
https://public780.ai,2.0,4.1,3.5,3.1,2.4,2.2,23,3,55
https://health.gov,2.9,5.5,4.4,3.3,2.9,3.5,17,6,69
https://globalsmart.com,9.9,9.4,9.9,9.9,9.9,9.6,0,0,1
https://applabinnovate.gov,5.7,4.8,4.1,3.9,3.8,3.4,17,6,53
https://naturebuild.io,3.5,2.9,3.2,4.1,4.8,4.8,33,4,64
https://system.gov,5.0,4.2,6.1,5.2,6.9,6.6,9,2,28
https://appsolutionstrust.org,9.9,9.1,8.0,9.9,9.9,9.2,2,0,7
https://careapp.edu,3.8,3.6,3.5,3.9,2.9,1.9,13,4,42
https://localbuilddev.info,4.7,4.7,4.0,6.2,4.1,6.2,16,7,31
https://networkdevmedia789.info,4.0,4.1,3.6,5.1,3.6,3.8,28,11,65
https://next.edu,1.0,2.9,3.5,1.0,1.2,1.5,44,6,52
https://groupmarket.info,4.9,4.4,3.4,3.4,4.9,3.0,21,4,59
https://systemhubfuture.co,3.4,2.1,1.7,1.5,2.2,4.0,42,18,69
https://webcare.edu,7.9,9.3,7.4,8.4,9.3,9.2,6,0,10
https://datadigital.ai,2.7,3.0,1.8,3.0,1.9,1.2,34,7,67
https://earth.org,9.5,7.0,8.5,7.0,8.5,8.6,8,2,19
https://earth.co,4.8,2.5,2.9,4.5,3.4,4.6,13,3,42
https://projectdesignstate.co,6.6,5.9,5.6,5.3,6.3,5.8,9,3,30
https://opsearthcreate.com,7.6,5.0,7.0,7.5,6.1,7.7,14,4,21
https://artpublic.org,2.8,3.1,2.3,2.5,3.4,3.3,36,17,80
https://innovate800.edu,4.8,5.8,4.3,4.9,4.1,3.7,10,4,64
https://devdigital.co,5.3,5.0,3.9,3.9,5.0,4.1,27,5,43
https://vision.ai,9.0,7.9,9.3,9.9,7.7,8.1,5,1,13
https://projectsmartops.ai,6.7,6.6,6.1,8.3,7.9,6.5,10,1,19
https://smart.com,5.1,3.0,3.3,2.8,4.5,3.3,37,5,45
https://agencyfuture.net,4.6,7.5,6.0,6.8,6.4,4.7,23,5,35
https://global.org,4.3,2.3,3.3,4.1,2.4,4.2,18,7,59
https://fund.gov,3.8,5.6,4.3,5.8,4.6,4.8,28,6,44
https://foundationdevdesign.org,6.0,7.8,5.7,7.1,7.1,5.6,13,4,40
https://future.ai,7.8,7.1,8.0,8.5,9.0,7.5,10,3,19
https://devsystem.info,7.6,7.5,8.3,6.7,5.9,6.2,17,7,19
https://fundmarketlocal.net,6.3,6.7,7.3,7.1,5.2,6.6,19,5,38
https://lifepublic.net,9.9,9.9,7.7,9.2,7.9,9.9,2,0,10
https://earthglobal813.com,4.7,3.0,3.5,3.5,2.0,2.6,30,12,48
https://sciencenetwork814.edu,4.2,3.3,4.3,2.6,3.9,2.7,33,13,47
https://artdatabase.net,5.2,5.8,6.4,5.8,4.6,4.8,27,8,50
https://networkhubglobal.co,9.5,9.9,9.2,8.1,8.5,8.5,6,0,9
https://careopsproject.co,5.0,3.4,6.0,4.3,5.5,5.5,14,2,50
https://statescience.edu,7.4,9.6,9.5,8.2,7.9,7.6,9,2,10
https://create.edu,5.3,5.9,4.7,6.0,4.4,3.3,16,3,40
https://future.com,9.3,9.9,9.8,9.9,9.9,9.5,1,0,2
https://visionscience.co,6.0,4.2,4.5,4.1,4.2,6.2,14,2,56
https://studiomarketnature.io,5.0,5.3,5.6,5.2,6.6,6.4,12,5,42
https://cloud823.info,3.2,3.7,2.9,3.9,4.1,5.0,12,3,58
https://city824.ai,2.6,1.0,1.4,2.3,1.8,3.4,17,7,57
https://solutionsnextfuture.net,4.7,6.8,5.8,6.2,6.2,6.2,10,1,25
https://websmart826.net,1.6,3.0,2.1,2.4,2.7,3.3,33,16,67
https://smartearth.org,3.8,3.8,3.6,3.2,2.5,3.8,17,3,55
https://devnaturesystem.org,7.6,8.2,8.9,9.8,9.9,9.0,5,0,9
https://connect.net,7.8,7.5,7.1,7.1,6.4,7.6,9,4,27
https://naturehealth.edu,7.6,9.4,7.9,8.6,8.7,9.8,7,2,8
https://artnaturenetwork.com,1.3,1.0,1.0,2.0,1.5,2.7,19,8,53
https://trustearthhub.io,4.3,5.8,5.6,4.4,5.7,3.4,16,4,37
https://visioncode.biz,4.0,3.1,2.9,3.9,3.3,4.5,16,2,64
https://digital.info,4.7,5.3,5.7,6.0,5.9,5.2,26,3,27
https://softbaseproject.co,6.3,5.5,6.1,5.3,5.1,4.9,24,3,32
https://earthlab.com,4.1,3.9,4.2,3.3,3.3,4.7,18,8,70
https://groupops.biz,3.4,1.8,4.6,2.6,3.4,4.1,27,7,58
https://hubtechearth.io,3.2,1.9,3.5,1.7,1.0,1.1,26,12,65
https://care.org,4.7,6.3,6.2,5.3,5.3,5.0,11,3,47
https://softbuild.gov,2.7,3.0,4.3,4.5,3.6,3.1,21,4,58
https://devmediatech.net,8.6,8.9,8.8,8.4,8.0,8.3,8,1,13
https://earthapplocal.ai,8.1,9.2,8.9,9.4,7.6,9.0,5,0,13
https://art843.org,8.1,8.1,7.2,9.5,7.7,8.4,3,0,21
https://fundcloudagency.org,6.2,7.1,6.6,4.9,5.4,5.4,9,1,46
https://solutionspubliclocal.net,9.9,8.3,9.6,9.9,9.9,9.4,2,0,3
https://agencysciencecloud.edu,9.5,6.7,8.6,9.5,7.7,8.0,4,1,18
https://healthcitysolutions847.io,2.2,2.8,4.1,3.7,2.7,3.8,36,9,71
https://careapp.com,2.1,1.8,2.9,3.0,4.6,4.0,22,3,62
https://projectsystem.io,3.6,1.9,2.9,3.7,4.0,2.1,36,3,57
https://solutions.com,7.9,8.2,9.0,8.3,7.1,9.0,7,2,17
https://labsystemfuture.co,4.0,5.2,3.9,5.3,4.2,5.1,11,4,35
https://innovateapp852.biz,7.6,7.9,9.7,8.0,8.2,9.9,8,0,13
https://app853.net,4.5,3.3,4.0,5.5,6.1,3.2,18,3,66
https://devagencyfund.co,4.1,3.2,2.6,2.3,4.5,3.9,33,12,45
https://next855.edu,2.9,2.1,2.8,3.9,1.9,1.9,31,8,78
https://healthsolutions.org,3.1,2.9,2.2,4.1,3.7,3.7,27,10,59
https://localdigitalnetwork.gov,8.1,7.9,6.2,7.3,6.9,7.5,12,3,23
https://future.info,2.0,2.5,2.0,2.1,3.5,3.8,28,3,46
https://networkfund.ai,9.6,7.8,9.3,9.2,9.3,9.2,5,0,8
https://lifestate860.org,4.6,5.6,6.6,7.0,6.7,5.6,12,4,28
https://carenetwork.org,7.3,6.4,7.2,7.1,8.1,6.8,11,1,20
https://globalnature.gov,5.3,6.4,6.3,4.8,4.8,6.6,16,1,46
https://solutionsproject.org,4.7,4.2,5.2,2.9,4.7,3.1,34,3,56
https://globalsoft.io,8.4,8.3,8.1,9.6,8.3,9.9,6,1,11
https://foundationglobal.com,8.0,8.3,8.4,6.8,6.9,9.3,11,2,21
https://studiofoundation.edu,3.0,4.5,3.9,4.8,3.9,4.8,25,11,60
https://globalfuture.biz,3.9,3.3,3.1,2.0,2.5,1.5,35,6,78
https://data.co,7.7,7.9,9.4,8.2,9.4,7.8,6,2,17
https://basefoundationcreate.ai,9.5,9.4,9.5,7.6,8.1,7.4,3,1,14
https://healthdev.io,6.2,6.2,6.6,6.0,5.7,6.7,19,8,31
https://buildapp.net,2.4,3.6,3.5,4.1,2.0,3.2,37,11,43
https://market872.com,2.3,2.8,3.8,2.4,1.9,3.0,23,5,80
https://codedatacity.edu,3.7,3.3,3.1,3.0,4.0,2.9,27,3,63
https://mediainnovate.edu,8.3,8.4,6.2,5.8,7.2,6.9,10,4,19
https://lifeinnovate.net,4.5,4.4,5.7,4.4,3.2,2.8,21,5,42
https://studiobaselocal.biz,8.5,7.5,6.3,6.5,9.2,8.3,9,3,17
https://innovate.net,3.5,1.7,1.9,4.5,2.6,3.7,24,8,74
https://future.com,1.2,2.1,1.8,3.6,1.9,3.8,29,3,89
https://publiccreatelocal.ai,6.8,7.5,6.2,6.5,5.7,7.1,10,1,29
https://projectmediavision.gov,7.0,6.3,8.0,6.2,7.2,7.5,15,4,24
https://project881.com,5.0,3.0,4.8,5.2,5.8,4.8,26,11,47
https://mediaartcode.gov,8.5,8.6,9.9,9.9,8.6,9.9,2,0,5
https://project883.com,3.9,3.9,1.6,2.2,3.8,1.6,21,8,52
https://solutions884.gov,7.5,6.9,6.2,5.8,6.6,7.1,13,4,21
https://softart885.co,6.0,5.8,4.6,5.0,4.4,4.1,29,9,39
https://foundation886.edu,5.6,4.3,5.0,4.8,5.7,3.1,10,1,48
https://studiomediafoundation887.org,3.0,4.4,3.7,2.9,1.8,4.3,24,11,60
https://global.biz,6.7,7.3,6.7,7.5,5.8,7.2,12,3,27
https://science889.edu,6.7,5.7,8.3,7.1,5.8,8.3,6,2,23
https://projectinnovatefoundation890.org,8.4,8.0,9.1,7.5,7.5,7.3,11,3,15
https://networkweb.ai,7.7,9.2,7.7,7.7,7.6,6.6,6,2,13
https://hubcreatelocal892.io,5.1,4.5,7.3,6.6,4.6,7.2,9,2,34
https://cityinnovate.org,9.9,9.5,8.8,9.9,9.9,8.6,2,0,5
https://tech.info,7.3,7.3,7.0,9.0,7.2,8.8,10,4,19
https://naturegroup.biz,7.6,8.3,7.6,7.8,8.5,7.4,4,0,21
https://future.info,7.0,6.2,6.2,8.1,7.3,6.0,15,4,30
https://publictrust.com,7.8,9.6,8.2,8.5,9.9,9.4,2,0,10
https://opshealth.com,7.2,8.5,8.1,9.7,9.8,9.5,6,1,9
https://smart.edu,3.0,2.5,3.4,3.0,2.3,3.1,34,15,46
https://nature.co,4.9,2.9,2.7,3.7,3.0,4.8,15,3,55
https://agencycode901.net,2.9,5.6,5.6,3.0,5.5,4.9,27,7,50
https://artinnovate.gov,7.8,6.8,7.8,9.1,7.9,8.4,11,3,23
https://marketdataglobal.net,5.5,6.2,5.9,5.2,4.9,4.9,15,2,33
https://globalfuturedesign.co,6.0,6.2,4.9,4.8,3.9,3.6,11,3,46
https://devconnect.org,8.4,6.1,7.9,8.9,7.9,8.1,8,3,16
https://dataearthproject.ai,2.5,4.5,2.7,3.6,4.9,4.2,20,3,61
https://system907.biz,9.1,7.0,7.4,8.6,7.8,8.6,11,4,13
https://project908.gov,4.1,3.2,2.9,5.4,4.4,2.7,13,2,37
https://market.io,2.9,4.3,3.5,4.0,2.1,3.6,36,4,43
https://agency.gov,7.0,6.3,7.6,9.2,8.0,7.6,5,0,21
https://webnetwork911.gov,7.5,5.9,7.8,7.9,6.6,7.7,7,1,19
https://localnatureearth.gov,7.9,8.2,9.7,9.2,9.3,9.0,3,0,13
https://opsart.edu,5.0,4.0,3.3,5.7,3.7,5.1,31,5,42
https://projectfoundation.com,6.5,5.9,6.4,5.9,4.3,5.9,15,2,36
https://build.org,7.8,8.0,8.5,8.1,8.3,9.9,4,1,15
https://code.gov,3.3,3.7,5.8,4.3,5.2,3.3,12,1,64
https://app.biz,9.4,9.9,8.6,9.9,9.5,8.2,4,1,4
https://mediapublicdev.com,7.4,9.7,8.0,7.4,8.2,8.1,9,2,15
https://create.net,6.4,5.8,7.0,4.4,4.7,5.8,19,3,32
https://studiocreatedesign.co,8.9,9.9,8.4,9.9,8.1,9.4,3,0,5
https://devsmartnetwork.gov,3.0,3.1,4.3,4.4,3.1,3.7,16,6,65
https://localglobalmedia.ai,1.8,2.3,2.1,1.4,2.1,1.6,17,1,83
https://appconnectmedia923.ai,4.1,4.1,5.2,4.9,4.7,3.3,20,4,39
https://fundfuture.edu,3.1,1.2,3.1,3.8,3.0,1.3,30,13,77
https://market.co,3.6,2.6,3.3,2.9,2.6,3.8,32,4,61
https://createnature.info,4.6,6.2,5.9,5.3,5.7,4.6,11,4,53
https://codesmartgroup.org,8.7,8.7,9.9,9.9,8.4,9.9,3,0,6
https://localgroupstudio.biz,7.2,9.1,7.8,8.0,8.4,7.8,7,0,17
https://scienceearth.org,8.7,7.4,7.5,7.7,8.4,7.4,7,2,25
https://globaltrustnext.edu,9.0,7.2,7.6,8.8,8.7,8.6,10,3,14
https://global.io,8.9,9.4,8.0,9.9,9.9,9.9,1,0,6
https://project.ai,7.4,4.8,4.5,6.1,5.3,7.3,13,5,44
https://studionetworkconnect933.io,8.1,8.7,7.7,6.3,6.9,6.7,15,6,24
https://hub934.biz,9.9,9.9,9.9,9.9,9.9,8.6,1,0,2
https://next935.ai,4.4,5.2,4.3,4.9,3.0,5.7,26,4,57
https://designtrustgroup.co,5.0,2.8,3.5,3.8,5.2,4.4,32,4,51
https://datanext.gov,4.8,5.7,5.0,4.4,4.7,4.8,24,2,52
https://webdata.org,2.7,3.9,2.5,2.7,2.1,1.7,43,20,60
https://digital.edu,5.0,4.5,6.3,6.3,4.1,4.3,15,2,39
https://dev.ai,6.5,4.7,4.6,5.7,5.5,4.4,20,4,40
https://soft.gov,9.9,9.9,9.9,9.9,9.9,9.9,0,0,0
https://createstategroup.org,7.5,9.9,7.9,9.8,9.4,8.6,4,0,12
https://citydesign943.co,6.3,6.6,6.9,5.9,6.2,7.0,10,4,21
https://softcitybase944.biz,5.4,3.9,4.9,4.6,4.1,3.8,14,3,50
https://lifelab.ai,6.6,8.3,6.0,7.2,6.2,8.0,15,2,23
https://foundationappdesign.co,7.8,8.4,8.5,9.0,7.5,9.9,6,0,16
https://naturelifedesign.edu,9.9,9.0,8.3,9.1,9.1,8.3,2,0,10
https://digitalbuild.co,9.9,9.7,7.8,8.0,9.9,9.9,4,0,6
https://soft949.com,4.3,4.3,4.7,2.4,4.8,4.1,33,6,62
https://innovatesciencebuild.ai,9.9,9.5,9.9,7.9,9.7,8.0,2,0,8
https://innovatefund.ai,6.2,5.5,6.2,5.3,6.9,6.1,11,1,30
https://grouphub.gov,3.4,3.6,4.1,3.4,4.5,3.3,20,2,41
https://sciencenetwork.ai,4.5,5.1,3.5,3.9,4.9,4.4,24,8,43
https://solutionsprojectdigital954.biz,9.9,9.5,9.0,9.9,9.2,9.2,1,0,5
https://agencycaresolutions.info,1.8,1.3,2.5,1.2,3.4,2.9,18,3,53
https://createhealth.co,7.1,6.8,7.6,6.8,7.8,7.6,11,1,22
https://techdevvision.co,5.1,5.1,4.8,2.8,4.7,5.2,19,2,53
https://cloudagencymarket.org,9.9,8.5,9.7,9.9,9.9,9.3,2,0,4
https://visioncreate.co,6.8,7.7,8.8,8.9,7.3,8.8,4,0,14
https://solutionslabsoft960.info,6.3,4.8,6.7,5.5,4.6,5.4,13,6,38
https://projectnatureinnovate961.biz,6.8,5.5,6.3,4.7,7.1,5.1,21,4,31
https://foundationvision.ai,3.8,1.4,3.6,1.9,1.3,1.4,46,14,76
https://softconnectfund.net,9.9,9.9,8.1,8.7,9.7,8.2,5,1,10
https://naturelife.com,1.2,3.3,3.1,2.9,2.2,1.0,16,4,69
https://trustappglobal965.edu,8.5,7.4,7.7,9.9,9.9,8.4,4,1,9
https://hubnextstate.co,6.8,8.3,9.0,8.2,8.9,6.9,4,1,15
https://digitalopsnature.biz,4.0,3.4,4.0,4.4,2.3,2.1,37,3,54
https://smartearth968.io,3.3,3.5,4.6,3.8,3.9,3.2,24,9,50
https://digital969.org,8.6,7.3,6.2,6.8,8.6,7.4,11,4,29
https://createcloudnetwork.co,7.0,6.6,5.9,5.3,7.2,7.9,18,3,34
https://soft.biz,3.0,2.5,2.7,2.4,1.3,1.9,31,14,69
https://globalhealth972.org,3.9,3.8,3.4,3.9,3.0,2.5,36,17,45
https://cloudhub.gov,6.8,7.5,8.4,6.5,8.2,8.8,11,3,27
https://hubtechglobal.org,7.9,7.1,9.7,8.9,7.4,7.4,4,1,19
https://visiondesignapp.biz,5.8,4.7,4.7,5.1,5.4,7.3,13,3,34
https://citycloudvision.com,3.9,4.0,6.1,5.1,4.5,3.8,29,6,58
https://lifenetwork977.biz,4.2,4.3,2.3,3.7,2.8,2.7,35,15,69
https://innovatestudio.net,2.9,4.0,3.1,3.5,2.9,5.0,16,7,58
https://agencyfoundationearth.edu,8.0,7.3,8.1,6.3,7.7,7.4,10,4,18
https://artlocalnetwork.ai,8.8,9.3,9.3,9.9,8.2,9.4,3,0,8
https://design981.info,4.5,4.7,5.5,4.4,6.4,6.4,14,5,54
https://smart982.info,3.6,2.4,3.9,3.7,3.6,2.0,36,16,78
https://smartops.co,1.8,3.7,1.4,1.9,3.5,3.4,34,11,58
https://basehub.net,3.6,3.6,4.3,5.7,6.0,5.3,11,3,47
https://systembuild.biz,1.3,3.2,1.1,2.1,2.0,2.2,18,2,95
https://code986.org,2.4,2.0,3.5,2.5,4.2,4.5,28,9,46
https://digitalglobalproject.gov,4.8,6.8,6.5,6.7,6.3,4.9,23,7,46
https://foundationcitylab.info,5.4,4.0,5.8,6.5,5.6,6.6,9,4,45
https://global989.net,8.8,7.9,7.7,7.9,9.2,8.0,4,1,15
https://fundbuildtech.edu,2.7,1.8,2.4,2.2,1.6,3.5,31,10,89
https://codefoundation.edu,3.9,5.0,3.8,5.2,4.7,3.0,26,7,35
https://connectmarketstudio.ai,8.6,7.5,7.6,9.8,8.8,8.6,3,0,10
https://innovate.biz,3.7,2.4,3.5,4.1,2.4,3.3,18,8,78
https://opshubnature994.net,4.0,4.4,5.3,3.9,3.0,2.7,23,8,49
https://smartdigitalcode.co,5.8,5.0,6.1,6.1,5.2,7.1,8,2,45
https://artdevcloud.com,9.9,8.4,9.9,8.3,9.3,9.6,1,0,6
https://nextdataops.com,3.5,2.2,3.5,4.4,2.9,1.6,34,3,50
https://innovate998.net,2.8,2.5,5.1,4.7,3.6,3.7,15,3,53
https://trustsolutions.info,6.9,7.4,7.6,7.9,8.3,6.5,10,3,22
